{
  "project_info": {
    "project_number": "611065570549",
    "project_id": "wingshack-cdb10",
    "storage_bucket": "wingshack-cdb10.appspot.com"
  },
  "client": [
    {
      "client_info": {
        "mobilesdk_app_id": "1:611065570549:android:a54fd1a2ba1743f1a491bc",
        "android_client_info": {
          "package_name": "com.example.wingshack"
        }
      },
      "oauth_client": [],
      "api_key": [
        {
          "current_key": "AIzaSyBGllwqqvG4n3W0wOwvYsOxw6_iDkTKJr0"
        }
      ],
      "services": {
        "appinvite_service": {
          "other_platform_oauth_client": []
        }
      }
    }
  ],
  "configuration_version": "1"
}